# label	qwen4b-base
# model	/data/data/com.termux/files/home/qwen3-4b-instruct-2507-q4_k_m.gguf
# ngl	99
# started	2026-10-01T19:49:40+08:00
#
id	result	wall_s	cpu_s	cmd	reply
t01	PASS	5	0.62	find /storage/emulated/0/bench-lab -iname '*.jpg'	Part 1: 我将在 /storage/emulated/0/bench-lab 目录中查找所有扩展名为 jpg 的文件。   Part 2: [CMD]find /storage/emulated/0/bench-lab -iname 
t02	PASS	5	0.51	find /storage/emulated/0/bench-lab -type f -name "*report*"	Part 1, the explanation: 我将在 /storage/emulated/0/bench-lab 目录中查找文件名包含 "report" 的所有文件。   Part 2, the command: [CMD]find /
t03	PASS	4	0.34	ls /storage/emulated/0/bench-lab/*.log | wc -l	Part 1: 我将统计指定目录下所有 .log 文件的个数。   Part 2: [CMD]ls /storage/emulated/0/bench-lab/*.log | wc -l[/CMD]
t04	PASS	5	0.50	ls /storage/emulated/0/bench-lab/draft* 2>/dev/null	Part 1: 我将在 /storage/emulated/0/bench-lab 目录中查找所有文件名以 "draft" 开头的文件。   Part 2: [CMD]ls /storage/emulated/0/bench-lab/dra
t05	PASS	5	0.48	find /storage/emulated/0/bench-lab -name "*.txt" -mtime -3	Part 1: 我将在 /storage/emulated/0/bench-lab 目录中查找最近3天内修改过的以 .txt 为扩展名的文件。   Part 2: [CMD]find /storage/emulated/0/bench-la
t06	PASS	5	0.28	find /storage/emulated/0/bench-lab -type f -mtime +7	Part 1: 我将在 /storage/emulated/0/bench-lab 目录中查找7天前修改过的文件。   Part 2: [CMD]find /storage/emulated/0/bench-lab -type f -mti
t07	PASS	5	0.50	find /storage/emulated/0/bench-lab -type f -size +1M	Part 1: 我将搜索 /storage/emulated/0/bench-lab 目录下所有大小大于 1MB 的文件。   Part 2: [CMD]find /storage/emulated/0/bench-lab -type f 
t08	PASS	5	0.47	find /storage/emulated/0/bench-lab -size 0 -type f	Part 1: 我将搜索 /storage/emulated/0/bench-lab 目录下所有大小为 0 的文件，即空文件。   Part 2: [CMD]find /storage/emulated/0/bench-lab -size 
t09	PASS	6	0.55	find /storage/emulated/0/bench-lab -type f -exec grep -l "TODO" {} \;	Part 1: 我将在 /storage/emulated/0/bench-lab 目录下搜索所有包含 "TODO" 字样的文件。   Part 2: [CMD]find /storage/emulated/0/bench-lab -typ
t10	FAIL	6	0.56	find /storage/emulated/0/bench-lab -type f -name "*.txt" -exec cat {} \; | wc -l	Part 1, the explanation: 我将搜索 /storage/emulated/0/bench-lab 目录下所有名为 .txt 的文件，并统计这些文件的总行数，不包括子目录。   Part 2, the command: 
t11	PASS	6	0.52	grep "error" /storage/emulated/0/bench-lab/*	Part 1, the explanation: 我将在 /storage/emulated/0/bench-lab 目录下搜索包含 "error" 字样的行，使用 grep 命令进行文本匹配。   Part 2, the command:
t12	FAIL	5	0.53	ls -1 /storage/emulated/0/bench-lab | wc -l	Part 1, the explanation: 我将统计 /storage/emulated/0/bench-lab 目录下的文件数量，不包括子目录中的文件，仅计算该目录下的直接文件数量。   Part 2, the command: [
t13	PASS	5	0.49	du -s /storage/emulated/0/bench-lab	Part 1, the explanation: 我将计算指定目录 /storage/emulated/0/bench-lab 所占用的磁盘空间大小，以字节为单位。    Part 2, the command: [CMD]du -s /s
t14	PASS	5	0.50	ls -1 /storage/emulated/0/bench-lab | grep -E '^[^/]+$'	Part 1, the explanation: 我将列出 /storage/emulated/0/bench-lab 目录下的所有子目录名称。   Part 2, the command: [CMD]ls -1 /storage/emul
t15	PASS	8	0.82	mkdir -p /storage/emulated/0/bench-lab/archive && mv /storage/emulated/0/bench-lab/tmp.txt /storage/emulated/0/bench-lab	Part 1: 我将把 /storage/emulated/0/bench-lab 目录下的 tmp.txt 文件移动到 /storage/emulated/0/bench-lab/archive 目录中。如果目标目录不存在，我会先创建它。
t16	PASS	9	0.86	mkdir -p /storage/emulated/0/bench-lab/logs && cp /storage/emulated/0/bench-lab/*.log /storage/emulated/0/bench-lab/logs	Part 1: 我将查找 /storage/emulated/0/bench-lab 目录下所有以 .log 为扩展名的文件，并将其复制到 /storage/emulated/0/bench-lab/logs 目录中。如果目标目录不存在，我
t17	PASS	6	0.59	cp /storage/emulated/0/bench-lab/notes.txt /storage/emulated/0/bench-lab/notes.bak	Part 1: 我将把 /storage/emulated/0/bench-lab/notes.txt 文件复制一份，并重命名为 notes.bak。操作将在终端中完成，确保文件存在后进行复制。    Part 2: [CMD]cp /st
t18	PASS	5	0.48	mv /storage/emulated/0/bench-lab/old.txt /storage/emulated/0/bench-lab/new.txt	Part 1: 我将把路径 /storage/emulated/0/bench-lab 下的 old.txt 文件重命名为 new.txt。   Part 2: [CMD]mv /storage/emulated/0/bench-lab/o
t19	PASS	8	0.83	for f in /storage/emulated/0/bench-lab/*.jpeg; do mv "$f" "${f%.jpeg}.jpg"; done	Part 1: 我将遍历 /storage/emulated/0/bench-lab 目录下的所有 .jpeg 文件，并将其扩展名更改为 .jpg。此操作会使用 shell 命令批量重命名文件，确保不修改文件内容。操作将在当前目录下安全执行
t20	PASS	4	0.42	mkdir -p /storage/emulated/0/bench-lab/results	Part 1: 我将在 /storage/emulated/0/bench-lab 目录下创建一个名为 results 的子目录。   Part 2: [CMD]mkdir -p /storage/emulated/0/bench-lab/
t21	PASS	6	0.43	find /storage/emulated/0/bench-lab -type f -size 0 -delete	Part 1: 我将查找并删除 /storage/emulated/0/bench-lab 目录中所有空文件。   Part 2: [CMD]find /storage/emulated/0/bench-lab -type f -size 
t22	PASS	5	0.41	find /storage/emulated/0/bench-lab -type d -empty -exec rmdir {} \;	Part 1: 我将查找并删除 /storage/emulated/0/bench-lab 目录下的所有空目录。   Part 2: [CMD]find /storage/emulated/0/bench-lab -type d -empt
t23	FAIL	7	0.54	sort -o /storage/emulated/0/bench-lab/data.txt /storage/emulated/0/bench-lab/data.txt	Part 1, the explanation: 我将对指定路径下的 data.txt 文件进行按行排序，使用 sort 命令处理文件内容，确保输出结果按字典顺序排列。   Part 2, the command: [CMD]sort -o
t24	PASS	5	0.47	head -n 3 /storage/emulated/0/bench-lab/data.txt	Part 1: 我将读取 /storage/emulated/0/bench-lab/data.txt 文件，并提取其前3行内容。   Part 2: [CMD]head -n 3 /storage/emulated/0/bench-lab
t25	PASS	5	0.49	sort -u /storage/emulated/0/bench-lab/data.txt	Part 1, the explanation: 我将查找 /storage/emulated/0/bench-lab/data.txt 文件中所有不重复的行，并输出结果。   Part 2, the command: [CMD]sort 
t26	FAIL	7	0.68	find /storage/emulated/0/bench-lab -type f -printf "%s\t%s\n" | sort -nr | head -n1 | cut -d' ' -f2	Part 1: 我将在 /storage/emulated/0/bench-lab 目录中查找最大的文件，通过遍历所有文件并比较其大小来确定。   Part 2: [CMD]find /storage/emulated/0/bench-la
t27	PASS	5	0.39	find /storage/emulated/0/bench-lab -type f -exec basename {} \; | cut -d. -f2 | sort | uniq -c	Part 1: 我将统计指定目录下每个文件扩展名的文件数量。   Part 2: [CMD]find /storage/emulated/0/bench-lab -type f -exec basename {} \; | cut -d. 
t28	PASS	8	0.54	find /storage/emulated/0/bench-lab -type f -printf '%T@ %p\n' | sort -nr | head -n 1 | cut -d' ' -f2	Part 1: 我将在 /storage/emulated/0/bench-lab 目录中查找最近修改的文件，并返回该文件的路径。   Part 2: [CMD]find /storage/emulated/0/bench-lab -typ
t29	FAIL	10	0.94	find /storage/emulated/0/bench-lab -type d -exec sh -c 'echo "$1"; find "$1" -type d | wc -l' _ {} \; | grep -E "^[^ ]+ 	Part 1, the explanation: 我将搜索 /storage/emulated/0/bench-lab 目录下深度超过两层的文件，即在该路径中查找嵌套层级大于两层的文件结构。   Part 2, the command: [
t30	FAIL	5	0.45	grep -r "TODO" /storage/emulated/0/ | grep "FIXME"	Part 1: 我将在存储卡根目录下搜索文件内容中同时包含 "TODO" 和 "FIXME" 的文件。   Part 2: [CMD]grep -r "TODO" /storage/emulated/0/ | grep "FIXME"[/C
#
# passed	24/30
# finished	2026-10-01T19:53:44+08:00
